{
    "adds": 0.18519963342745333,
    "removes": 0.2654245306385297,
    "substituions": 0.549375835934017
}