{
    "1": {
        "1": 0.45326132114665557,
        "2": 0.5421686746987951,
        "3": 0.004154549231408392,
        "0": 0.0004154549231408392
    },
    "2": {
        "1": 0.8051691822038078,
        "2": 0.18437407517016868,
        "3": 0.00808917825786722,
        "4": 0.001578376245437506,
        "6": 0.0002959455460195324,
        "5": 0.0003945940613593765,
        "0": 9.864851533984413e-05
    },
    "3": {
        "1": 0.7444350402031316,
        "2": 0.2145154464663563,
        "3": 0.033939906898011005,
        "4": 0.004570461278036395,
        "5": 0.0012695725772323319,
        "6": 0.0005501481168006771,
        "7": 0.0006347862886161659,
        "0": 8.463817181548878e-05
    },
    "4": {
        "1": 0.6627725643621242,
        "2": 0.2792262865585073,
        "3": 0.04207819211512681,
        "4": 0.01285874531476567,
        "0": 0.00019151322809225465,
        "5": 0.001969850346091762,
        "6": 0.0006566167820305874,
        "7": 0.00024623129326147025
    },
    "5": {
        "2": 0.23779058302841743,
        "1": 0.6927981420214281,
        "3": 0.0472601389101904,
        "5": 0.004710676803751013,
        "4": 0.016082031506759274,
        "6": 0.0009421353607502027,
        "7": 0.0003286518700291405,
        "0": 8.764049867443746e-05
    },
    "6": {
        "1": 0.695433655565869,
        "2": 0.21285458785175795,
        "3": 0.05797921713341333,
        "7": 0.0006791786466233501,
        "4": 0.022843041814765343,
        "5": 0.008104865183038646,
        "6": 0.0020148966516492723,
        "0": 9.055715288311335e-05
    },
    "7": {
        "1": 0.6866996591631203,
        "2": 0.2056960197184726,
        "3": 0.05851995917659972,
        "4": 0.02907704453987021,
        "5": 0.013691244150892531,
        "6": 0.004794823900945485,
        "7": 0.001232404536789201,
        "0": 0.000288844813309969
    },
    "8": {
        "1": 0.6087388516950155,
        "2": 0.2324288519315843,
        "3": 0.07844621608194743,
        "4": 0.045137328191904615,
        "5": 0.02204821272267039,
        "6": 0.009439095360885713,
        "7": 0.0034065908069361973,
        "0": 0.00035485320905585387
    },
    "9": {
        "1": 0.6025468617065072,
        "2": 0.2053407250871367,
        "3": 0.0856546916595768,
        "4": 0.05368169717594753,
        "6": 0.015478771578340697,
        "5": 0.028679638828663173,
        "7": 0.008233389137415264,
        "0": 0.00038422482641271236
    },
    "10": {
        "1": 0.5337450538071817,
        "2": 0.21785436929107652,
        "3": 0.10898265596686513,
        "4": 0.06549314004659591,
        "6": 0.021818719721903777,
        "5": 0.039236714618542216,
        "7": 0.012092748049258533,
        "0": 0.000776598498576236
    },
    "11": {
        "1": 0.558802839419326,
        "2": 0.19581761207392723,
        "3": 0.10353648398030313,
        "4": 0.0692588092345079,
        "6": 0.023725778602033638,
        "7": 0.011127454115239497,
        "0": 0.0005755579714779049,
        "5": 0.03715546460318475
    },
    "12": {
        "1": 0.4280570742765702,
        "2": 0.24323243099079878,
        "3": 0.14175223363115083,
        "7": 0.016802240298706493,
        "4": 0.08934524603280437,
        "5": 0.050940125350046675,
        "6": 0.02960394719295906,
        "0": 0.00026670222696359517
    },
    "13": {
        "1": 0.45921390479952595,
        "2": 0.1925735729804464,
        "3": 0.117124234643492,
        "4": 0.09263282638751728,
        "7": 0.02765158996642307,
        "5": 0.07051155441437883,
        "6": 0.04009480545131345,
        "0": 0.00019751135690302193
    },
    "14": {
        "1": 0.5301263362487852,
        "2": 0.20796890184645286,
        "5": 0.03935860058309038,
        "3": 0.11418853255587949,
        "7": 0.014091350826044704,
        "4": 0.06511175898931001,
        "6": 0.029154518950437316
    },
    "15": {
        "1": 0.3893939393939394,
        "2": 0.2863636363636364,
        "6": 0.015151515151515152,
        "3": 0.16363636363636364,
        "4": 0.08636363636363636,
        "7": 0.016666666666666666,
        "5": 0.03939393939393939,
        "0": 0.0030303030303030303
    },
    "16": {
        "2": 0.08780487804878048,
        "1": 0.8829268292682927,
        "4": 0.014634146341463415,
        "3": 0.004878048780487805,
        "5": 0.00975609756097561
    },
    "17": {
        "1": 0.9024390243902439,
        "2": 0.07317073170731707,
        "3": 0.024390243902439025
    },
    "18": {
        "7": 0.021739130434782608,
        "1": 0.7608695652173914,
        "2": 0.17391304347826086,
        "4": 0.043478260869565216
    },
    "19": {
        "1": 1.0
    },
    "All": {
        "1": 0.6462551758656777,
        "2": 0.2249766801656277,
        "3": 0.06596100468671794,
        "7": 0.003938776903125996,
        "4": 0.03385073030895937,
        "6": 0.008076625563088684,
        "5": 0.016662306047231196,
        "0": 0.00027870045957137005
    }
}